PartitionKey,RowKey,Valdistrikt_namn,Vallokal_namn,Adress,Postnr,Postort,Latitud,Longitud,Adress_geo
1,101,Domkyrko 1 Gamla stan inre,Riksdagsbiblioteket,Storkyrkobrinken 7,100 12,Stockholm,59.3256815,18.0685258,Storkyrkobrinken 7
1,102,Domkyrko 2 Gamla stan yttre,Riksdagsbiblioteket,Storkyrkobrinken 7,100 12,Stockholm,59.3256815,18.0685258,Storkyrkobrinken 7
1,103,Domkyrko 3 Norrmalm nedre,Riksdagshuset,Riksgatan 3,100 12,Stockholm,59.3276315,18.0674983,Riksgatan 3
4,401,Johannes 1 Johannes kyrka,Norra Reals Gymnasium,Roslagsgatan 1,113 55,Stockholm,59.3439443,18.0616539,Roslagsgatan 1
4,402,Johannes 2 Kv Surbrunn mm,Norra Reals Gymnasium,Roslagsgatan 1,113 55,Stockholm,59.3439443,18.0616539,Roslagsgatan 1
4,403,Johannes 3 Jarlaplan,Norra Reals Gymnasium,Roslagsgatan 1,113 55,Stockholm,59.3439443,18.0616539,Roslagsgatan 1
4,404,Johannes 4 Vanadislunden södra,Johannes skola,Roslagsgatan 61,113 54,Stockholm,59.3506446,18.0556064,Roslagsgatan 61
4,405,Johannes 5 Roslagsgatan mellersta,Johannes skola,Roslagsgatan 61,113 54,Stockholm,59.3506446,18.0556064,Roslagsgatan 61
4,406,Johannes 6 Vanadislunden östra,Johannes Skola,Roslagsgatan 61,113 54,Stockholm,59.3506446,18.0556064,Roslagsgatan 61
4,407,Johannes 7 Roslagstull,Johannes Skola,Roslagsgatan 61,113 54,Stockholm,59.3506446,18.0556064,Roslagsgatan 61
5,501,Adolf Fredrik 1 Tegnérlunden V,Adolf Fredriks Förs.sal,Kammakargatan 30,103 65,Stockholm,59.3384073,18.0590803,Kammakargatan 30
5,502,Adolf Fredrik 2 Rådmansgatan mm,Norra Reals gymnasium,Roslagsgatan 1,113 55,Stockholm,59.3439443,18.0616539,Roslagsgatan 1
5,503,Adolf Fredrik 3 Adolf Fredriks kyrka,Adolf Fredriks Förs.Sal,Kammakargatan 30,103 65,Stockholm,59.3384073,18.0590803,Kammakargatan 30
5,504,Adolf Fredrik 4 Norra Bantorget,Adolf Fredriks Förs.Sal,Kammakargatan 30,103 65,Stockholm,59.3384073,18.0590803,Kammakargatan 30
5,505,Adolf Fredrik 5 Spökparken,Adolf Fredriks Förs.sal,Kammakargatan 30,103 65,Stockholm,59.3384073,18.0590803,Kammakargatan 30
5,506,Adolf Fredrik 6 Tegnérlunden mm,Adolf Fredriks Förs.sal,Kammakargatan 30,103 65,Stockholm,59.3384073,18.0590803,Kammakargatan 30
6,601,Gustav Vasa 1 Sabbatsberg,Adolf Fredriks musikklasser,Västmannagatan 19,102 31,Stockholm,59.3376885,18.0510248,Västmannagatan 19
6,602,Gustav Vasa 2 Luntmakarg. norra mm,Tidn.- och Tidskriftsbibl.,Odengatan 59,113 22,Stockholm,59.3433279,18.0535043,Odengatan 59
6,603,Gustav Vasa 3 Kv Riddarsporren mm,Vasa Real,"Dalagatan 19, ing. A 7",102 39,Stockholm,59.3419986,18.044891,Dalagatan 19
6,604,Gustav Vasa 4 Observatorielunden,Tidn.- och Tidskriftsbibl.,Odengatan 59,113 22,Stockholm,59.3433279,18.0535043,Odengatan 59
6,605,Gustav Vasa 5 Gustav Vasa kyrka,Vasa Real,"Dalagatan 19, ing. A 7",102 39,Stockholm,59.3419986,18.044891,Dalagatan 19
6,606,Gustav Vasa 6 Atlasområdet,Adolf Fredriks Musikklasser,Västmannagatan 19,102 31,Stockholm,59.3376885,18.0510248,Västmannagatan 19
6,607,Gustav Vasa 7 Eastmaninstitutet,Adolf Fredriks musikklasser,Västmannagatan 19,102 31,Stockholm,59.3376885,18.0510248,Västmannagatan 19
6,608,Gustav Vasa 8 Kv Nejlikan mm,Matteusskolan,Vanadisvägen 16,113 46,Stockholm,59.3475283,18.0477497,Vanadisvägen 16
6,609,Gustav Vasa 9 Odenplan NV,Vasa Real,"Dalagatan 19, ing. A 7",102 39,Stockholm,59.3419986,18.044891,Dalagatan 19
7,701,Matteus 1 Vanadislunden V,Matteusskolan,Vanadisvägen 16,113 46,Stockholm,59.3475283,18.0477497,Vanadisvägen 16
7,702,Matteus 2 Norrtull,Matteusskolan,Vanadisvägen 16,113 46,Stockholm,59.3475283,18.0477497,Vanadisvägen 16
7,703,Matteus 3 Matteus kyrka,Gustav Vasa skola,Frejgatan 95,113 27,Stockholm,59.3434886,18.0430431,Frejgatan 95
7,704,Matteus 4 Norrtulls sjukhus,Matteusskolan,Vanadisvägen 16,113 46,Stockholm,59.3475283,18.0477497,Vanadisvägen 16
7,705,Matteus 5 Västeråsgatan mm,Rödabergsskolan,Upplandsgatan 100,113 44,Stockholm,59.3485845,18.0427593,Upplandsgatan 100
7,706,Matteus 6 Norra station,Rödabergsskolan,Upplandsgatan 100,113 44,Stockholm,59.3485845,18.0427593,Upplandsgatan 100
7,707,Matteus 7 Röda bergen Ö,Vasens äldreboende,Kadettgatan 2,113 33,Stockholm,59.3439401,18.0325846,Kadettgatan 2
7,708,Matteus 8 Röda bergen V,Vasens äldreboende,Kadettgatan 2,113 33,Stockholm,59.3439401,18.0325846,Kadettgatan 2
7,709,Matteus 9 Gästrikegatan mm,Vasa Real,"Dalagatan 19, ing. A 7",102 39,Stockholm,59.3419986,18.044891,Dalagatan 19
7,710,Matteus 10 Hälsingehöjden mm,Gustav Vasa Skola,Frejgatan 95,113 27,Stockholm,59.3434886,18.0430431,Frejgatan 95
7,711,Matteus 11 S:t Eriksplan,S:t Mikaelskapellet,Karlbergsvägen 64,113 35,Stockholm,59.3425487,18.0329541,Karlbergsvägen 64
7,712,Matteus 12 Birkastan Ö,S:t Mikaelskapellet,Karlbergsvägen 64,113 35,Stockholm,59.3425487,18.0329541,Karlbergsvägen 64
7,713,Matteus 13 Rörstrand Ö,Karlbergsskolan,Norrbackagatan 31-33,113 41,Stockholm,59.3434942,18.0316226,Norrbackagatan 31-33
7,714,Matteus 14 Birkastan S,Karlbergsskolan,Norrbackagatan 31-33,113 41,Stockholm,59.3434942,18.0316226,Norrbackagatan 31-33
7,715,Matteus 15 Karlbergs station,Karlbergsskolan,Norrbackagatan 31-33,113 41,Stockholm,59.3434942,18.0316226,Norrbackagatan 31-33
7,716,Matteus 16 Birkastan V,Karlbergsskolan,Norrbackagatan 31-33,113 41,Stockholm,59.3434942,18.0316226,Norrbackagatan 31-33
7,717,Matteus 17 Kv Skålet-Koppen,Karlbergsskolan,Norrbackagatan 31-33,113 41,Stockholm,59.3434942,18.0316226,Norrbackagatan 31-33
9,901,Engelbrekt 1 Humlegården,Engelbrektsskolan,Valhallavägen 76,114 27,Stockholm,59.3454053,18.0706782,Valhallavägen 76
9,902,Engelbrekt 2 Engelbrektsgatan mm,Engelbrektsskolan,Valhallavägen 76,114 27,Stockholm,59.3454053,18.0706782,Valhallavägen 76
9,903,Engelbrekt 3 Östra station,Engelbrektsskolan,Valhallavägen 76,114 27,Stockholm,59.3454053,18.0706782,Valhallavägen 76
9,904,Engelbrekt 4 Villastaden norra,Engelbrektsskolan,Valhallavägen 76,114 27,Stockholm,59.3454053,18.0706782,Valhallavägen 76
9,905,Engelbrekt 5 Eriksberg mm,Engelbrektsskolan,Valhallavägen 76,114 27,Stockholm,59.3454053,18.0706782,Valhallavägen 76
9,906,Engelbrekt 6 Lärkstan mm,Engelbrektsskolan,Vallhallavägen 76,114 27,Stockholm,59.3454053,18.0706782,Vallhallavägen 76
9,907,Engelbrekt 7 Kv Trasten mm,Engelbrektsskolan,Valhallavägen 76,114 27,Stockholm,59.3454053,18.0706782,Valhallavägen 76
9,908,Engelbrekt 8 Ruddammen,Engelbrektsskolan,Valhallavägen 76,114 27,Stockholm,59.3454053,18.0706782,Valhallavägen 76
9,909,Engelbrekt 9 Hjorthagen C,Hjorthagens Skola,Jägmästargatan 25,115 42,Stockholm,59.3540857,18.0977942,Jägmästargatan 25
9,910,Engelbrekt 10 Hjorthagen V-Värtahamn,Hjorthagens Skola,Jägmästargatan 25,115 42,Stockholm,59.3540857,18.0977942,Jägmästargatan 25
9,911,Engelbrekt 11 Lappkärrsberget,"Lappkärrsberget, Bokcaféet",Forskarbacken 14-16,104 05,Stockholm,59.3701867,18.0645984,Forskarbacken 14-16
9,912,Engelbrekt 12 Universitetet,Ekhagsstugan,Åminnevägen 25,104 05,Stockholm,59.3705908,18.0557494,Åminnevägen 25
9,913,Engelbrekt 13 Engelbrekt N,Engelbrektsskolan,Valhallavägen 76,114 27,Stockholm,59.3454053,18.0706782,Valhallavägen 76
9,914,Engelbrekt 14 Husarviken,Förskolan Sandön,Älgpassgatan 8,115 45,Stockholm,59.3566923,18.0877314,Älgpassgatan 8
1,1001,Hedvig Eleonora 1 Kv Rådjuret mm,Östra Reals Gymnasium,Karlavägen 79,114 59,Stockholm,59.3394655,18.0862233,Karlavägen 79
1,1002,Hedvig Eleonora 2 Kv Bävern mm,Östra Reals Gymnasium,Karlavägen 79,114 59,Stockholm,59.3394655,18.0862233,Karlavägen 79
1,1003,Hedvig Eleonora 3 Karlav. mitt mm,Östra Reals Gymnasium,Karlavägen 79,114 59,Stockholm,59.3394655,18.0862233,Karlavägen 79
1,1004,Hedvig Eleonora 4 Nybergsgatan mm,Östra Reals Gymnasium,Karlavägen 79,114 59,Stockholm,59.3394655,18.0862233,Karlavägen 79
1,1005,Hedvig Eleonora 5 Östermalmstorg,Östra Reals Gymnasium,Karlavägen 79,114 59,Stockholm,59.3394655,18.0862233,Karlavägen 79
1,1006,Hedvig Eleonora 6 Armémuseum,Östra Reals Gymnasium,Karlavägen 79,114 59,Stockholm,59.3394655,18.0862233,Karlavägen 79
1,1007,Hedvig Eleonora 7 Patentverket,Östra Reals gymnasium,Karlavägen 79,114 59,Stockholm,59.3394655,18.0862233,Karlavägen 79
1,1008,Hedvig Eleonora 8 Kv Guldfisken mm,Östra Reals Gymnasium,Karlavägen 79,114 59,Stockholm,59.3394655,18.0862233,Karlavägen 79
1,1101,Oscar 1 Djurgården,Djurgårdsskolan,Sollidsbacken 10,115 21,Stockholm,59.3236561,18.1062029,Sollidsbacken 10
1,1102,Oscar 2 Oscarskyrkan,Östermalmsskolan,Banérgatan 38-40,115 26,Stockholm,59.3372773,18.0952926,Banérgatan 38-40
1,1103,Oscar 3 Strandvägen mellersta mm,Hedvig Eleonora skola,Skeppargatan 42,114 54,Stockholm,59.3361768,18.0848382,Skeppargatan 42
1,1104,Oscar 4 Storgatan-Grevgatan mm,Hedvig Eleonora skola,Skeppargatan 42,114 54,Stockholm,59.3361768,18.0848382,Skeppargatan 42
1,1105,Oscar 5 Strandvägen östra mm,Östermalmsskolan,Banérgatan 38-40,115 26,Stockholm,59.3372773,18.0952926,Banérgatan 38-40
1,1106,Oscar 6 Karlaplan S,Östermalmsskolan,Banérgatan 38-40,115 26,Stockholm,59.3372773,18.0952926,Banérgatan 38-40
1,1107,Oscar 7 Karlaplan V,Hedvig Eleonora Skola,Skeppargatan 42,114 54,Stockholm,59.3361768,18.0848382,Skeppargatan 42
1,1108,Oscar 8 Fältöversten mm,Östermalms föreningsråd,Valhallavägen 148,115 24,Stockholm,59.339732,18.0933641,Valhallavägen 148
1,1109,Oscar 9 Gustav Adolfsparken,Gärdesskolan,Valhallavägen 177,115 53,Stockholm,59.339311,18.0986424,Valhallavägen 177
1,1110,Oscar 10 Karlaplan N,Östermalms föreningsråd,Valhallavägen 148,115 24,Stockholm,59.339732,18.0933641,Valhallavägen 148
1,1111,Oscar 11 Artillerigatan norra mm,Olaus Petri skola,Olaus Petrigatan 1-3,115 34,Stockholm,59.3458867,18.0908185,Olaus Petrigatan 1-3
1,1112,Oscar 12 Tessinparken V,Gärdesskolan,Valhallavägen 177,115 53,Stockholm,59.339311,18.0986424,Valhallavägen 177
1,1113,Oscar 13 Olaus Petris park mm,Olaus Petri skola,Olaus Petrigatan 1-3,115 34,Stockholm,59.3458867,18.0908185,Olaus Petrigatan 1-3
1,1114,Oscar 14 Tessinparken S,Östermalms föreningsråd,Valhallavägen 148,115 24,Stockholm,59.339732,18.0933641,Valhallavägen 148
1,1115,Oscar 15 Brantingsgatan mm,Olaus Petri Skola,Olaus Petrigatan 1-3,115 34,Stockholm,59.3458867,18.0908185,Olaus Petrigatan 1-3
1,1116,Oscar 16 Rindögatan mm,Olaus Petri Skola,Olaus Petrigatan 1-3,115 34,Stockholm,59.3458867,18.0908185,Olaus Petrigatan 1-3
1,1117,Oscar 17 Starrängsringen mm,Olaus Petri Skola,Olaus Petrigatan 1-3,115 34,Stockholm,59.3458867,18.0908185,Olaus Petrigatan 1-3
1,1118,Oscar 18 Studentbacken mm,Olaus Petri Skola,Olaus Petrigatan 1-3,115 34,Stockholm,59.3458867,18.0908185,Olaus Petrigatan 1-3
1,1119,Oscar 19 Sandhamnsgatan mm,Gärdesskolan,Valhallavägen 177,115 53,Stockholm,59.339311,18.0986424,Valhallavägen 177
1,1120,Oscar 20 Smedsbacken,Olaus Petri Skola,Olaus Petrigatan 1-3,115 34,Stockholm,59.3458867,18.0908185,Olaus Petrigatan 1-3
1,1121,Oscar 21 Ladugårdsgärdet,Gärdesskolan,Valhallavägen 177,115 53,Stockholm,59.339311,18.0986424,Valhallavägen 177
1,1122,Oscar 22 Kampementsbacken mm,Gärdesskolan,Valhallavägen 177,115 53,Stockholm,59.339311,18.0986424,Valhallavägen 177
1,1123,Oscar 23 Tessinparken Ö,Gärdesskolan,Valhallavägen 177,115 53,Stockholm,59.339311,18.0986424,Valhallavägen 177
1,1124,Oscar 24 Wittstocksgatan mm,Östermalmsskolan,Banérgatan 38-40,115 26,Stockholm,59.3372773,18.0952926,Banérgatan 38-40
1,1301,Maria 1 Ivar Lo:s park mm,Södermalmsskolan,Timmermansgatan 21,118 55,Stockholm,59.3178662,18.0606043,Timmermansgatan 21
1,1302,Maria 2 Mariaberget V,Södermalmsskolan,Timmermansgatan 21,118 55,Stockholm,59.3178662,18.0606043,Timmermansgatan 21
1,1303,Maria 3 Mariatorget V,Södermalmsskolan,Timmermansgatan 21,118 55,Stockholm,59.3178662,18.0606043,Timmermansgatan 21
1,1304,Maria 4 Bergsgruvan,Björngårdsskolan,Maria Prästgårdsgata 9,118 52,Stockholm,59.3161698,18.0646831,Maria Prästgårdsgata 9
1,1305,Maria 5 Mariatorget S,Björngårdsskolan,Maria Prästgårdsgata 9,118 52,Stockholm,59.3161698,18.0646831,Maria Prästgårdsgata 9
1,1306,Maria 6 Mariatorget C,Södermalmsskolan,Timmermansgatan 21,118 55,Stockholm,59.3178662,18.0606043,Timmermansgatan 21
1,1307,Maria 7 Skaraborgsgatan mm,Södra Latins Gymnasium,Skaraborgsgatan 14,118 93,Stockholm,59.3173384,18.0690965,Skaraborgsgatan 14
1,1308,Maria 8 Södra station N,Björngårdsskolan,Maria Prästgårdsgata 9,118 52,Stockholm,59.3161698,18.0646831,Maria Prästgårdsgata 9
1,1309,Maria 9 Södra station S,Eriksdalsskolan,Ringvägen 58-66,118 61,Stockholm,59.3081341,18.0633165,Ringvägen 58-66
1,1310,Maria 10 Södra station Ö,Södra Latins Gymnasium,Skaraborgsgatan 14,118 93,Stockholm,59.3173384,18.0690965,Skaraborgsgatan 14
1,1311,Maria 11 Södra station V,Björngårdsskolan,Maria Prästgårdsgata 9,118 52,Stockholm,59.3161698,18.0646831,Maria Prästgårdsgata 9
1,1312,Maria 12 Fredmansgatan mm,Södra Latins gymnasium,Skaraborgsgatan 14,118 93,Stockholm,59.3173384,18.0690965,Skaraborgsgatan 14
1,1313,Maria 13 Mariaberget Ö,Södermalmsskolan,Timmermansgatan 21,118 55,Stockholm,59.3178662,18.0606043,Timmermansgatan 21
1,1401,Högalid 1 Reimersholme N-Långholmen,Förskolan Sagan,Reimersholmsgatan 69,117 40,Stockholm,59.3174776,18.0191866,Reimersholmsgatan 69
1,1402,Högalid 2 Reimersholme S,Förskolan Sagan,Reimersholmsgatan 69,117 40,Stockholm,59.3174776,18.0191866,Reimersholmsgatan 69
1,1403,Högalid 3 Heleneborgsgatan norra,Högalids Församlingssal,Högalids kyrkväg 11,102 71,Stockholm,59.3170843,18.0373627,Högalids kyrkväg 11
1,1404,Högalid 4 Högalidsgatan östra mm,Kristinehovs Malmgård,Kristinehovsgatan 2,117 29,Stockholm,59.3182494,18.0414081,Kristinehovsgatan 2
1,1405,Högalid 5 Bergsund S,Högalidsskolan,Folkskolegatan 13,117 35,Stockholm,59.3162699,18.0317519,Folkskolegatan 13
1,1406,Högalid 6 Pålsundsparken,Högalidsskolan,Folkskolegatan 13,117 35,Stockholm,59.3162699,18.0317519,Folkskolegatan 13
1,1407,Högalid 7 Hornstull,Tellus Fritidscenter,Lignagatan 8,117 34,Stockholm,59.3153508,18.0369814,Lignagatan 8
1,1408,Högalid 8 Bergsund N,Högalidsskolan,Folkskolegatan 13,117 35,Stockholm,59.3162699,18.0317519,Folkskolegatan 13
1,1409,Högalid 9 Högalidsparken,Kristinehovs malmgård,Kristinehovsgatan 2,117 29,Stockholm,59.3182494,18.0414081,Kristinehovsgatan 2
1,1410,Högalid 10 Drakenberg,Tellus Fritidscenter,Lignagatan 8,117 34,Stockholm,59.3153508,18.0369814,Lignagatan 8
1,1411,Högalid 11 Zinkensdamm N,Globala gymnasiet,Hornskroken 2,117 28,Stockholm,59.3165565,18.0475631,Hornskroken 2
1,1412,Högalid 12 Skinnarviksparken,Globala gymnasiet,Hornskroken 2,117 28,Stockholm,59.3165565,18.0475631,Hornskroken 2
1,1413,Högalid 13 Zinkensdamm Ö,Södermalmsskolan,Timmermansgatan 21,118 55,Stockholm,59.3178662,18.0606043,Timmermansgatan 21
1,1414,Högalid 14 Zinkensdamm IP,Globala gymnasiet,Hornskroken 2,117 28,Stockholm,59.3165565,18.0475631,Hornskroken 2
1,1415,Högalid 15 Södersjukhuset,Eriksdalsskolan,Ringvägen 58-66,118 61,Stockholm,59.3081341,18.0633165,Ringvägen 58-66
1,1416,Högalid 16 Kv Svärdet,Mariaskolan,Ringvägen 23,118 53,Stockholm,59.3150759,18.0521433,Ringvägen 23
1,1417,Högalid 17 Tobaksmonopolet mm,Mariaskolan,Ringvägen 23,118 53,Stockholm,59.3150759,18.0521433,Ringvägen 23
1,1418,Högalid 18 Lundagatan södra mm,Globala gymnasiet,Hornskroken 2,117 28,Stockholm,59.3165565,18.0475631,Hornskroken 2
1,1419,Högalid 19 Heleneborg,Högalids församlingssal,Högalids kyrkväg 11,102 71,Stockholm,59.3170843,18.0373627,Högalids kyrkväg 11
1,1420,Högalid 20 Folkskolegatan mm,Högalidsskolan,Folkskolegatan 13,117 35,Stockholm,59.3162699,18.0317519,Folkskolegatan 13
1,1421,Högalid 21 Tanto,Kulltorps äldreboende,Tantogatan 19,118 42,Stockholm,59.3112276,18.0504787,Tantogatan 19
1,1501,Katarina 1 Björns Trädgård,Katarina Församlingssal,Högbergsgatan 15 A,116 20,Stockholm,59.316968,18.0759734,Högbergsgatan 15 A
1,1502,Katarina 2 Mosebacke,Katarina Församlingssal,Högbergsgatan 15 A,116 20,Stockholm,59.316968,18.0759734,Högbergsgatan 15 A
1,1503,Katarina 3 Katarina kyrka,Katarina Norra Skola,Tjärhovsgatan 15-17,116 21,Stockholm,59.3158695,18.0811665,Tjärhovsgatan 15-17
1,1504,Katarina 4 Axel Landquists park,Katarina Församlingssal,Högbergsgatan 15 A,116 20,Stockholm,59.316968,18.0759734,Högbergsgatan 15 A
1,1505,Katarina 5 Bondegatan västra mm,Åsö Gymnasium,Blekingegatan 55,118 94,Stockholm,59.3106763,18.0746939,Blekingegatan 55
1,1506,Katarina 6 Nytorgsgatan-Bondegatanmm,Katarina Norra Skola,Tjärhovsgatan 15-17,116 21,Stockholm,59.3158695,18.0811665,Tjärhovsgatan 15-17
1,1507,Katarina 7 Kv Linjalen mm,Åsö Gymnasium,Blekingegatan 55,118 94,Stockholm,59.3106763,18.0746939,Blekingegatan 55
1,1508,Katarina 8 Medborgarplatsen-Skrapan,Åsö Gymnasium,Blekingegatan 55,118 94,Stockholm,59.3106763,18.0746939,Blekingegatan 55
1,1509,Katarina 9 Helgalunden,Åsö gymnasium,Blekingegatan 55,118 94,Stockholm,59.3106763,18.0746939,Blekingegatan 55
1,1510,Katarina 10 Eriksdal V,Eriksdalsskolan,Ringvägen 58-66,118 61,Stockholm,59.3081341,18.0633165,Ringvägen 58-66
1,1511,Katarina 11 Rosenlundsparken,Åsö gymnasium,Blekingegatan 55,118 94,Stockholm,59.3106763,18.0746939,Blekingegatan 55
1,1512,Katarina 12 Eriksdal Ö,Eriksdalsskolan,Ringvägen 58-66,118 61,Stockholm,59.3081341,18.0633165,Ringvägen 58-66
1,1513,Katarina 13 Rosenlund,Eriksdalsskolan,Ringvägen 58-66,118 61,Stockholm,59.3081341,18.0633165,Ringvägen 58-66
1,1514,Katarina 14 Bjurholmsplan mm,Katarina Södra Skola,Katarina Bangata 41,116 39,Stockholm,59.3110562,18.0833172,Katarina Bangata 41
1,1515,Katarina 15 Ölandsgatan mm,Katarina Södra skola,Katarina Bangata 41,116 39,Stockholm,59.3110562,18.0833172,Katarina Bangata 41
1,1516,Katarina 16 Blekingegatan östra mm,Åsö Gymnasium,Blekingegatan 55,118 94,Stockholm,59.3106763,18.0746939,Blekingegatan 55
1,1517,Katarina 17 Gotlandsgatan östra mm,Katarina Södra Skola,Katarina Bangata 41,116 39,Stockholm,59.3110562,18.0833172,Katarina Bangata 41
1,1518,Katarina 18 Nytorget,Katarina Södra Skola,Katarina Bangata 41,116 39,Stockholm,59.3110562,18.0833172,Katarina Bangata 41
1,1519,Katarina 19 Nackas hörna,Åsö gymnasium,Blekingegatan 55,118 94,Stockholm,59.3106763,18.0746939,Blekingegatan 55
1,1520,Katarina 20 Ringen,Eriksdalsskolan,Ringvägen 58-66,118 61,Stockholm,59.3081341,18.0633165,Ringvägen 58-66
1,1701,Sofia 1 Mandelparken,Sofiaskolan,Skånegatan 117,116 35,Stockholm,59.3132301,18.0924581,Skånegatan 117
1,1702,Sofia 2 Åsöberget,Sofiaskolan,Skånegatan 117,116 35,Stockholm,59.3132301,18.0924581,Skånegatan 117
1,1703,Sofia 3 Sofia kyrka,Katarina Södra skola,Katarina Bangata 41,116 39,Stockholm,59.3110562,18.0833172,Katarina Bangata 41
1,1704,Sofia 4 Stig Claessons Park-Fjällg.,Sofia Församlingssal,Borgmästargatan 11,116 29,Stockholm,59.3136581,18.0870106,Borgmästargatan 11
1,1705,Sofia 5 Sågargatan mm,Sofiaskolan,Skånegatan 117,116 35,Stockholm,59.3132301,18.0924581,Skånegatan 117
1,1706,Sofia 6 Luma,Sjöstadsskolan,Hammarby allé 74-76,120 64,Stockholm,59.3036673,18.0966298,Hammarby allé 74-76
1,1707,Sofia 7 Kv Vitbetan,Frans Schartaus Gymnasium,Bohusgatan 24-26,116 67,Stockholm,59.306839,18.0814756,Bohusgatan 24-26
1,1708,Sofia 8 Hammarby Allé Ö,Sjöstadsskolan,Hammarby Allé 74-76,120 64,Stockholm,59.3036673,18.0966298,Hammarby Allé 74-76
1,1709,Sofia 9 Skanstull,Frans Schartaus Gymnasium,Bohusgatan 24-26,116 67,Stockholm,59.306839,18.0814756,Bohusgatan 24-26
1,1710,Sofia 10 Vintertullen,Frans Schartaus Gymnasium,Bohusgatan 24-26,116 67,Stockholm,59.306839,18.0814756,Bohusgatan 24-26
1,1711,Sofia 11 Barnängen,Sofiaskolan,Skånegatan 117,116 35,Stockholm,59.3132301,18.0924581,Skånegatan 117
1,1712,Sofia 12 Danviksklippan-Henriksdal,Danvik Center,Hästholmsvägen 28,131 30,Nacka,59.3125836,18.108769,Hästholmsvägen 28
1,1713,Sofia 13 Sickla udde,Lugnets skola,Lugnets allé 66,120 68,Stockholm,59.3053049,18.10711,Lugnets allé 66
1,1714,Sofia 14 Sickla kanal,Sjöstadsskolan,Hammarby Allé 74-76,120 64,Stockholm,59.3036673,18.0966298,Hammarby Allé 74-76
1,1715,Sofia 15 Mårtensdal,Sjöstadsskolan,Hammarby allé 74-76,120 64,Stockholm,59.3036673,18.0966298,Hammarby allé 74-76
1,1716,Sofia 16 Sickla Park,Lugnets skola,Lugnets allé 66,120 68,Stockholm,59.3053049,18.10711,Lugnets allé 66
1,1717,Sofia 17 Lugnet,Lugnets skola,Lugnets allé 66,120 68,Stockholm,59.3053049,18.10711,Lugnets allé 66
1,1718,Sofia 18 Rutger Fuchsgatan mm,Frans Schartaus gymnasium,Bohusgatan 24-26,116 67,Stockholm,59.306839,18.0814756,Bohusgatan 24-26
1,1719,Sofia 19 Blecktornet,Frans Schartaus gymnasium,Bohusgatan 24-26,116 67,Stockholm,59.306839,18.0814756,Bohusgatan 24-26
1,1720,Sofia 20 Klippgatan mm,Sofia församlingssal,Borgmästargatan 11,116 29,Stockholm,59.3136581,18.0870106,Borgmästargatan 11
1,1721,Sofia 21 Sickla kaj,Sjöstadsskolan,Hammarby allé 74-76,120 64,Stockholm,59.3036673,18.0966298,Hammarby allé 74-76
1,1801,Kungsholm 1 Ture Nermans gränd mm,Kungsholmens Gymnasium,Hantverkargatan 67-69,112 38,Stockholm,59.3300547,18.0347186,Hantverkargatan 67-69
1,1802,Kungsholm 2 Pontonjärparken,Kungsholmens Gymnasium,Hantverkargatan 67-69,112 38,Stockholm,59.3300547,18.0347186,Hantverkargatan 67-69
1,1803,Kungsholm 3 Celsiusgatan mm,S:t Eriks gymnasium,Polhemsgatan 35,104 20,Stockholm,59.3347537,18.0370624,Polhemsgatan 35
1,1804,Kungsholm 4 S:t Eriks sjukhus,S:t Eriks Gymnasium,Polhemsgatan 35,104 20,Stockholm,59.3347537,18.0370624,Polhemsgatan 35
1,1805,Kungsholm 5 Polishuset,Kungsholmens gymnasium,Hantverkargatan 67-69,112 38,Stockholm,59.3300547,18.0347186,Hantverkargatan 67-69
1,1806,Kungsholm 6 Kungsholmstorg V,Eiraskolan,Parmätargatan 10,112 24,Stockholm,59.3281094,18.0469582,Parmätargatan 10
1,1807,Kungsholm 7 Kungsholmstorg Ö,Eiraskolan,Parmmätargatan 10,112 24,Stockholm,59.3281094,18.0469582,Parmmätargatan 10
1,1808,Kungsholm 8 Piperska muren,Eiraskolan,Parmmätargatan 10,112 24,Stockholm,59.3281094,18.0469582,Parmmätargatan 10
1,1809,Kungsholm 9 Kungsklippan mm,Eiraskolan,Parmmätargatan 10,112 24,Stockholm,59.3281094,18.0469582,Parmmätargatan 10
1,1810,Kungsholm 10 Stadshuset,Eiraskolan,Parmmätargatan 10,112 24,Stockholm,59.3281094,18.0469582,Parmmätargatan 10
1,1811,Kungsholm 11 Barnhusviken,S:t Eriks Gymnasium,Polhemsgatan 35,104 20,Stockholm,59.3347537,18.0370624,Polhemsgatan 35
1,1812,Kungsholm 12 Rådhuset,Eiraskolan,Parmätargatan 10,112 24,Stockholm,59.3281094,18.0469582,Parmätargatan 10
1,1813,Kungsholm 13 John Ericssonsgatan mm,Kungsholmens gymnasium,Hantverkargatan 67-69,112 38,Stockholm,59.3300547,18.0347186,Hantverkargatan 67-69
1,1901,S:t Göran 1 Fredhäll S,Klastorpsskolan,Atterbomsvägen 1,112 58,Stockholm,59.326828,18.0111072,Atterbomsvägen 1
1,1902,S:t Göran 2 Fredhäll N,Kungsholmens västra gymn,Konradsbergsgatan 1,112 59,Stockholm,59.3289338,18.0139941,Konradsbergsgatan 1
1,1903,S:t Göran 3 Fredhäll V,Kungsholmens västra gymn,Konradsbergsgatan 1,112 59,Stockholm,59.3289338,18.0139941,Konradsbergsgatan 1
1,1904,S:t Göran 4 Kristinebergsparken,Kungsholmens västra gymn,Konradsbergsgatan 1,112 59,Stockholm,59.3289338,18.0139941,Konradsbergsgatan 1
1,1905,S:t Göran 5 Kristinebergs strand,Thorildsplans Gymnasium,Drottningholmsvägen 82,112 42,Stockholm,59.3317628,18.013205,Drottningholmsvägen 82
1,1906,S:t Göran 6 Geijersvägen mm,Thorildsplans Gymnasium,Drottningholmsvägen 82,112 42,Stockholm,59.3317628,18.013205,Drottningholmsvägen 82
1,1907,S:t Göran 7 Marieberg S,Klastorpsskolan,Atterbomsvägen 1,112 58,Stockholm,59.326828,18.0111072,Atterbomsvägen 1
1,1908,S:t Göran 8 Rålambshov,Kungsholmens västra gymn,Konradsbergsgatan 1,112 42,Stockholm,59.3289338,18.0139941,Konradsbergsgatan 1
1,1909,S:t Göran 9 Stadshagen,Thorildsplans gymnasium,Drottningholmsvägen 82,112 42,Stockholm,59.3317628,18.013205,Drottningholmsvägen 82
1,1910,S:t Göran 10 Svarvargatan mm,S:t Eriks gymnasium,Polhemsgatan 35,104 20,Stockholm,59.3347537,18.0370624,Polhemsgatan 35
1,1911,S:t Göran 11 Industrigatan mm,S:t Eriks gymnasium,Polhemsgatan 35,104 20,Stockholm,59.3347537,18.0370624,Polhemsgatan 35
1,1912,S:t Göran 12 Tullmuseet,S:t Eriks gymnasium,Polhemsgatan 35,104 20,Stockholm,59.3347537,18.0370624,Polhemsgatan 35
1,1913,S:t Göran 13 Fridhemsplan västra,Kungsholmens gymnasium,Hantverkargatan 67-69,112 38,Stockholm,59.3300547,18.0347186,Hantverkargatan 67-69
1,1914,S:t Göran 14 Kronobergsg. norra mm,S:t Eriks Gymnasium,Polhemsgatan 35,104 20,Stockholm,59.3347537,18.0370624,Polhemsgatan 35
1,1915,S:t Göran 15 Fridhemsplan södra,Kungsholmens gymnasium,Hantverkargatan 67-69,112 38,Stockholm,59.3300547,18.0347186,Hantverkargatan 67-69
1,1916,S:t Göran 16 Sysslomansgatan mm,Kungsholmens västra gymn,Kondradsbergsgatan 1,112 59,Stockholm,59.3289338,18.0139941,Kondradsbergsgatan 1
1,1917,S:t Göran 17 Kv Karlsvik mm,Kungsholmens gymnasium,Hantverkargatan 67-69,112 38,Stockholm,59.3300547,18.0347186,Hantverkargatan 67-69
1,1918,S:t Göran 18 Fridhemsplan östra,S:t Eriks gymnasium,Polhemsgatan 35,104 20,Stockholm,59.3347537,18.0370624,Polhemsgatan 35
1,1919,S:t Göran 19 Sankt Görans sjukhus,Thorildsplans gymnasium,Drottningholmsvägen 82,112 42,Stockholm,59.3317628,18.013205,Drottningholmsvägen 82
1,1920,S:t Göran 20 Västermalmsgallerian,S:t Eriks gymnasium,Polhemsgatan 35,104 20,Stockholm,59.3347537,18.0370624,Polhemsgatan 35
1,1921,S:t Göran 21 Fredhäll mellersta,Klastorpsskolan,Atterbomsvägen 1,112 58,Stockholm,59.326828,18.0111072,Atterbomsvägen 1
1,1922,S:t Göran 22 Thorildsplan,Thorildsplans gymnasium,Drottningholmsvägen 82,112 42,Stockholm,59.3317628,18.013205,Drottningholmsvägen 82
1,1923,S:t Göran 23 Hornsberg Ö,Thorildsplans gymnasium,Drottningholmsvägen 82,112 42,Stockholm,59.3317628,18.013205,Drottningholmsvägen 82
1,1924,S:t Göran 24 Kristineberg S,Kungsholmens västra gymn,Konradsbergsgatan 1,112 59,Stockholm,59.3289338,18.0139941,Konradsbergsgatan 1
1,1925,S:t Göran 25 Hornsbergs strand,Thorildsplans gymnasium,Drottningholmsvägen 82,112 42,Stockholm,59.3317628,18.013205,Drottningholmsvägen 82
2,2101,Brännkyrka 1 Västertorpshallen,Västertorps Grundskola,Störtloppsvägen 2,129 46,Hägersten,59.2915935,17.96932,Störtloppsvägen 2
2,2102,Brännkyrka 2 Västertorpsparken,Västertorps Grundskola,Störtloppsvägen 2,129 46,Hägersten,59.2915935,17.96932,Störtloppsvägen 2
2,2103,Brännkyrka 3 Västertorp C,Västertorps Grundskola,Störtloppsvägen 2,129 46,Hägersten,59.2915935,17.96932,Störtloppsvägen 2
2,2104,Brännkyrka 4 Västertorp V,Västertorps Grundskola,Störtloppsvägen 2,129 46,Hägersten,59.2915935,17.96932,Störtloppsvägen 2
2,2105,Brännkyrka 5 Fruängen Ö,Fruängens skola,Fruängsgatan 57-61,129 07,Hägersten,59.2847996,17.9627511,Fruängsgatan 57-61
2,2106,Brännkyrka 6 Fruängen mellersta,Fruängens skola,Fruängsgatan 57-61,129 07,Hägersten,59.2847996,17.9627511,Fruängsgatan 57-61
2,2107,Brännkyrka 7 Fruängen N,Fruängens skola,Fruängsgatan 57-61,129 07,Hägersten,59.2847996,17.9627511,Fruängsgatan 57-61
2,2108,Brännkyrka 8 Fruängen S,Fruängens skola,Fruängsgatan 57-61,129 07,Hägersten,59.2847996,17.9627511,Fruängsgatan 57-61
2,2109,Brännkyrka 9 Herrängen V,Herrängens Skola,Konvaljestigen 15,125 55,Älvsjö,59.2751601,17.9722856,Konvaljestigen 15
2,2110,Brännkyrka 10 Långbro park,Johan Skytteskolan,Västerängsvägen 19,125 58,Älvsjö,59.2770478,17.9839855,Västerängsvägen 19
2,2111,Brännkyrka 11 Långsjö S,Herrängens Skola,Konvaljestigen 15,125 55,Älvsjö,59.2751601,17.9722856,Konvaljestigen 15
2,2112,Brännkyrka 12 Älvsjö station,Kämpetorpsskolan,Kedjevägen 57,126 41,Hägersten,59.2839342,17.9956776,Kedjevägen 57
2,2113,Brännkyrka 13 Långbrogårdsparken,Johan Skytteskolan,Västerängsvägen 19,125 58,Älvsjö,59.2770478,17.9839855,Västerängsvägen 19
2,2114,Brännkyrka 14 Långbro V,Johan Skytteskolan,Västerängsvägen 19,125 58,Älvsjö,59.2770478,17.9839855,Västerängsvägen 19
2,2115,Brännkyrka 15 Långbro Ö,Kämpetorpsskolan,Kedjevägen 57,126 41,Hägersten,59.2839342,17.9956776,Kedjevägen 57
2,2116,Brännkyrka 16 Sten Stures väg mm,Johan Skytteskolan,Västerängsvägen 19,125 58,Älvsjö,59.2770478,17.9839855,Västerängsvägen 19
2,2117,Brännkyrka 17 Kristallvägen mm,Solbergaskolan,Lerkrogsvägen 28,126 70,Hägersten,59.290293,18.0057488,Lerkrogsvägen 28
2,2118,Brännkyrka 18 Klacktorget mm,Solbergaskolan,Lerkrogsvägen 28,126 70,Hägersten,59.290293,18.0057488,Lerkrogsvägen 28
2,2119,Brännkyrka 19 Solberga C,Solbergaskolan,Lerkrogsvägen 28,126 70,Hägersten,59.290293,18.0057488,Lerkrogsvägen 28
2,2120,Brännkyrka 20 Liseberg,Sjöängsskolan,Gripsholmsvägen 29,125 35,Älvsjö,59.2807866,18.0277358,Gripsholmsvägen 29
2,2121,Brännkyrka 21 Örby Slott,Sjöängsskolan,Gripsholmsvägen 29,125 35,Älvsjö,59.2807866,18.0277358,Gripsholmsvägen 29
2,2122,Brännkyrka 22 Östbergahöjden,Östbergaskolan,Östbergabackarna 53,125 73,Älvsjö,59.2892331,18.0338408,Östbergabackarna 53
2,2123,Brännkyrka 23 Gamla Östberga,Östbergaskolan,Östbergabackarna 53,125 73,Älvsjö,59.2892331,18.0338408,Östbergabackarna 53
2,2124,Brännkyrka 24 Östbergabackarna,Östbergaskolan,Östbergabackarna 53,125 73,Älvsjö,59.2892331,18.0338408,Östbergabackarna 53
2,2125,Brännkyrka 25 Herrängen Ö,Herrängens skola,Konvaljestigen 15,125 55,Älvsjö,59.2751601,17.9722856,Konvaljestigen 15
2,2126,Brännkyrka 26 Långsjö N,Herrängens skola,Konvaljestigen 15,125 55,Älvsjö,59.2751601,17.9722856,Konvaljestigen 15
2,2127,Brännkyrka 27 Fruängen V,Fruängens skola,Fruängsgatan 57-61,129 07,Hägersten,59.2847996,17.9627511,Fruängsgatan 57-61
2,2128,Brännkyrka 28 Kämpetorp,Kämpetorpsskolan,Kedjevägen 57,126 41,Hägersten,59.2839342,17.9956776,Kedjevägen 57
2,2301,Vantör 1 Stureby N,Sturebyskolan,Bastuhagsvägen 20,122 42,Enskede,59.2767332,18.0452004,Bastuhagsvägen 20
2,2302,Vantör 2 Sturebyhöjden,Sturebyskolan,Bastuhagsvägen 20,122 42,Enskede,59.2767332,18.0452004,Bastuhagsvägen 20
2,2303,Vantör 3 Stureby C,Sturebyskolan,Bastuhagsvägen 20,122 42,Enskede,59.2767332,18.0452004,Bastuhagsvägen 20
2,2304,Vantör 4 Stureby S,Sturebyskolan,Bastuhagsvägen 20,122 42,Enskede,59.2767332,18.0452004,Bastuhagsvägen 20
2,2305,Vantör 5 Bandhagen mellersta,Bandhagens Skola,Trollesundsvägen 66,124 57,Bandhagen,59.264274,18.0513553,Trollesundsvägen 66
2,2306,Vantör 6 Bandhagen Ö,Bandhagens skola,Trollesundsvägen 66,124 57,Bandhagen,59.264274,18.0513553,Trollesundsvägen 66
2,2307,Vantör 7 Bäckahagen,Bäckahagens Skola,Skebokvarnsvägen 55,124 33,Bandhagen,59.2683639,18.0435398,Skebokvarnsvägen 55
2,2308,Vantör 8 Högdalen Ö,Bandhagens Skola,Trollesundsvägen 66,124 57,Bandhagen,59.264274,18.0513553,Trollesundsvägen 66
2,2309,Vantör 9 Högdalen mellersta,Bäckahagens skola,Skebokvarnsvägen 55,124 33,Bandhagen,59.2683639,18.0435398,Skebokvarnsvägen 55
2,2310,Vantör 10 Högdalen V,Förskolan Gläntan,Önskehemsgatan 13,124 54,Bandhagen,59.2655565,18.0386942,Önskehemsgatan 13
2,2311,Vantör 11 Högdalen C,Bandhagens skola,Trollesundsvägen 66,124 57,Bandhagen,59.264274,18.0513553,Trollesundsvägen 66
2,2312,Vantör 12 Skebokvarnsv. västra mm,Förskolan Gläntan,Önskehemsgatan 13,124 54,Bandhagen,59.2655565,18.0386942,Önskehemsgatan 13
2,2313,Vantör 13 Örby V,Örbyskolan,Gamla Huddingevägen 425,125 42,Älvsjö,59.274674,18.0279703,Gamla Huddingevägen 425
2,2314,Vantör 14 Örby S,Örbyskolan,Gamla Huddingevägen 425,125 42,Älvsjö,59.274674,18.0279703,Gamla Huddingevägen 425
2,2315,Vantör 15 Örby N,Örbyskolan,Gamla Huddingevägen 425,125 42,Älvsjö,59.274674,18.0279703,Gamla Huddingevägen 425
2,2316,Vantör 16 Snösätrahöjden,Snösätraskolan,Vallhornsgatan 21,124 61,Bandhagen,59.2558897,18.031406,Vallhornsgatan 21
2,2317,Vantör 17 Gillerbacken mm,Snösätraskolan,Vallhornsgatan 21,124 61,Bandhagen,59.2558897,18.031406,Vallhornsgatan 21
2,2318,Vantör 18 Rågsveds N,Rågsvedsskolan,Rågsveds Skolgränd 8,124 65,Bandhagen,59.2582042,18.0246169,Rågsveds Skolgränd 8
2,2319,Vantör 19 Rågsved V,Rågsvedsskolan,Rågsveds Skolgränd 8,124 65,Bandhagen,59.2582042,18.0246169,Rågsveds Skolgränd 8
2,2320,Vantör 20 Rågsveds Ö,Snösätraskolan,Vallhornsgatan 21,124 61,Bandhagen,59.2558897,18.031406,Vallhornsgatan 21
2,2321,Vantör 21 Hagsätra Ö,Hagsätraskolan,Glanshammarsgatan 11-15,124 70,Bandhagen,59.2639131,18.0166168,Glanshammarsgatan 11-15
2,2322,Vantör 22 Hagsätra C,Hagsätraskolan,Glanshammarsgatan 11-15,124 70,Bandhagen,59.2639131,18.0166168,Glanshammarsgatan 11-15
2,2323,Vantör 23 Hagsätra V,Hagsätraskolan,Glanshammarsgatan 11-15,124 70,Bandhagen,59.2639131,18.0166168,Glanshammarsgatan 11-15
2,2324,Vantör 24 Ormkärr,Hagsätraskolan,Glanshammarsgatan 11-15,124 70,Bandhagen,59.2639131,18.0166168,Glanshammarsgatan 11-15
2,2325,Vantör 25 Hagsätra N,Hagsätraskolan,Glanshammarsgatan 11-15,124 70,Bandhagen,59.2639131,18.0166168,Glanshammarsgatan 11-15
2,2326,Vantör 26 Rågsved C,Rågsvedsskolan,Rågsveds skolgränd 8,124 65,Bandhagen,59.2582042,18.0246169,Rågsveds skolgränd 8
2,2327,Vantör 27 Bandhagen C,Bäckahagens skola,Skebokvarnsvägen 55,124 33,Bandhagen,59.2683639,18.0435398,Skebokvarnsvägen 55
2,2328,Vantör 28 Rågsveds S,Snösätraskolan,Vallhornsgatan 21,124 61,Bandhagen,59.2558897,18.031406,Vallhornsgatan 21
2,2501,Farsta 1 Svedmyra N,Tallkrogens Skola,Torögatan 59-65,122 65,Enskede,59.2731206,18.0766119,Torögatan 59-65
2,2502,Farsta 2 Svedmyra S,Tallkrogens Skola,Torögatan 59-65,122 65,Enskede,59.2731206,18.0766119,Torögatan 59-65
2,2503,Farsta 3 Tallkrogen N,Tallkrogens Skola,Torögatan 59-65,122 65,Enskede,59.2731206,18.0766119,Torögatan 59-65
2,2504,Farsta 4 Olympiaområdet,Gubbängsskolan,Gubbängsvägen 63-69,122 45,Enskede,59.2617643,18.0936323,Gubbängsvägen 63-69
2,2505,Farsta 5 Gubbängen Ö,Gubbängsskolan,Gubbängsvägen 63-69,122 45,Enskede,59.2617643,18.0936323,Gubbängsvägen 63-69
2,2506,Farsta 6 Gubbängen C,Gubbängsskolan,Gubbängsvägen 63-69,122 45,Enskede,59.2617643,18.0936323,Gubbängsvägen 63-69
2,2507,Farsta 7 Gubbängen V,Gubbängsskolan,Gubbängsvägen 63-69,122 45,Enskede,59.2617643,18.0936323,Gubbängsvägen 63-69
2,2508,Farsta 8 Veckodagsområdet,Skönstaholmsskolan,Lördagsvägen 20,123 60,Farsta,59.2578561,18.0955692,Lördagsvägen 20
2,2509,Farsta 9 Russinvägen mm,Skönstaholmsskolan,Lördagsvägen 20,123 60,Farsta,59.2578561,18.0955692,Lördagsvägen 20
2,2510,Farsta 10 Kryddhyllan,Hökarängsskolan,Fagersjövägen 18,123 58,Farsta,59.2559069,18.0762247,Fagersjövägen 18
2,2511,Farsta 11 Fagerlid,Hökarängsskolan,Fagersjövägen 18,123 58,Farsta,59.2559069,18.0762247,Fagersjövägen 18
2,2512,Farsta 12 Hauptvägen mm,Hökarängsskolan,Fagersjövägen 18,123 58,Farsta,59.2559069,18.0762247,Fagersjövägen 18
2,2513,Farsta 13 Fagersjö yttre,Fagersjöskolan,Havsörnsgränd 16,123 49,Farsta,59.2456749,18.0621979,Havsörnsgränd 16
2,2514,Farsta 14 Tallkrogen V,Gubbängsskolan,Gubbängsvägen 63-69,122 45,Enskede,59.2617643,18.0936323,Gubbängsvägen 63-69
2,2515,Farsta 15 Farsta Strand V,Magelungsskolan,Ullerudsbacken 39,123 73,Farsta,59.232834,18.104888,Ullerudsbacken 39
2,2516,Farsta 16 Farsta Strand C,Magelungsskolan,Ullerudsbacken 39,123 73,Farsta,59.232834,18.104888,Ullerudsbacken 39
2,2517,Farsta 17 Farsta Strand Ö,Magelungsskolan,Ullerudsbacken 39,123 73,Farsta,59.232834,18.104888,Ullerudsbacken 39
2,2518,Farsta 18 Larsboda,Hästhagsskolan,Torsbygatan 31-37,123 41,Farsta,59.2426356,18.0977167,Torsbygatan 31-37
2,2519,Farsta 19 Kristinehamnsgatan mm,Hästhagsskolan,Torsbygatan 31-37,123 41,Farsta,59.2426356,18.0977167,Torsbygatan 31-37
2,2520,Farsta 20 Östmarksg-Ekebergabacken,Hästhagsskolan,Torsbygatan 31-37,123 41,Farsta,59.2426356,18.0977167,Torsbygatan 31-37
2,2521,Farsta 21 Farsta C,Hästhagsskolan,Torsbygatan 31-37,123 41,Farsta,59.2426356,18.0977167,Torsbygatan 31-37
2,2522,Farsta 22 Farstaängen,Kvickenstorpsskolan,Kvickensvägen 9,123 34,Farsta,59.2507779,18.0953387,Kvickensvägen 9
2,2523,Farsta 23 Nykroppagatan mm,Kvickenstorpsskolan,Kvickensvägen 9,123 34,Farsta,59.2507779,18.0953387,Kvickensvägen 9
2,2524,Farsta 24 Värmlandsvägen mm,Kvickenstorpsskolan,Kvickensvägen 9,123 34,Farsta,59.2507779,18.0953387,Kvickensvägen 9
2,2525,Farsta 25 Sköndal V,Sköndalsskolan,Perstorpsvägen 75,128 67,Sköndal,59.2562978,18.1076402,Perstorpsvägen 75
2,2526,Farsta 26 Norra Sköndal,Sandåkraskolan,Pepparkaksgränd 2-4,128 66,Sköndal,59.26067,18.116903,Pepparkaksgränd 2-4
2,2527,Farsta 27 Dalbrobranten mm,Sköndalsskolan,Perstorpsvägen 75,128 67,Sköndal,59.2562978,18.1076402,Perstorpsvägen 75
2,2528,Farsta 28 Stora och Lilla Sköndal,Sandåkraskolan,Pepparkaksgränd 2-4,128 67,Sköndal,59.26067,18.116903,Pepparkaksgränd 2-4
2,2529,Farsta 29 Sköndal C,Sköndalsskolan,Perstorpsvägen 75,128 67,Sköndal,59.2562978,18.1076402,Perstorpsvägen 75
2,2530,Farsta 30 Torsbygatan mm,Hästhagsskolan,Torsbygatan 31-37,123 41,Farsta,59.2426356,18.0977167,Torsbygatan 31-37
2,2531,Farsta 31 Fagersjö inre,Fagersjöskolan,Havsörnsgränd 16,123 49,Farsta,59.2456749,18.0621979,Havsörnsgränd 16
2,2532,Farsta 32 Västboda,Kvickenstorpsskolan,Kvickensvägen 9,123 34,Farsta,59.2507779,18.0953387,Kvickensvägen 9
2,2701,Bromma 1 Abrahamsberg S,Abrahamsbergsskolan,Gustav III:s Väg 2-10,168 30,Bromma,59.3348671,17.9501714,Gustav III:s Väg 2-10
2,2702,Bromma 2 Abrahamsberg N,Abrahamsbergsskolan,Gustav III:s Väg 2-10,168 30,Bromma,59.3348671,17.9501714,Gustav III:s Väg 2-10
2,2703,Bromma 3 Åkeslund Ö,Abrahamsbergsskolan,Gustav III:s Väg 2-10,168 30,Bromma,59.3348671,17.9501714,Gustav III:s Väg 2-10
2,2704,Bromma 4 Riksby N,Nya Elementars skola,Bergslagsvägen 80,168 55,Bromma,59.3426371,17.9262945,Bergslagsvägen 80
2,2705,Bromma 5 Åkeshov,Nya Elementars skola,Bergslagsvägen 80,168 55,Bromma,59.3426371,17.9262945,Bergslagsvägen 80
2,2706,Bromma 6 Riksby V-Brommaplan,Nya Elementars skola,Bergslagsvägen 80,168 55,Bromma,59.3426371,17.9262945,Bergslagsvägen 80
2,2707,Bromma 7 Riksby Ö,Nya Elementars skola,Bergslagsvägen 80,168 55,Bromma,59.3426371,17.9262945,Bergslagsvägen 80
2,2708,Bromma 8 Kyrksjön,Norra Ängby Skola,Vultejusvägen 20,168 56,Bromma,59.3489265,17.9073192,Vultejusvägen 20
2,2709,Bromma 9 Bromma kyrka,Norra Ängby Skola,Vultejusvägen 20,168 56,Bromma,59.3489265,17.9073192,Vultejusvägen 20
2,2710,Bromma 10 Beckomberga S,Norra Ängby Skola,Vultejusvägen 20,168 56,Bromma,59.3489265,17.9073192,Vultejusvägen 20
2,2711,Bromma 11 Norra Ängby mellersta,Norra Ängby Skola,Vultejusvägen 20,168 56,Bromma,59.3489265,17.9073192,Vultejusvägen 20
2,2712,Bromma 12 Norra Ängby Ö,Norra Ängby Skola,Vultejusvägen 20,168 56,Bromma,59.3489265,17.9073192,Vultejusvägen 20
2,2713,Bromma 13 Norra Ängby V,Norra Ängby Skola,Vultejusvägen 20,168 56,Bromma,59.3489265,17.9073192,Vultejusvägen 20
2,2714,Bromma 14 Blackeberg V,Blackebergsskolan,Björnsonsgatan 132,168 44,Bromma,59.3479619,17.8796969,Björnsonsgatan 132
2,2715,Bromma 15 Blackeberg mellersta,Blackebergsskolan,Björnsonsgatan 132,168 44,Bromma,59.3479619,17.8796969,Björnsonsgatan 132
2,2716,Bromma 16 Blackeberg S,Blackebergsskolan,Björnsonsgatan 132,168 44,Bromma,59.3479619,17.8796969,Björnsonsgatan 132
2,2717,Bromma 17 Blackeberg Ö,Blackebergsskolan,Björnsonsgatan 132,168 44,Bromma,59.3479619,17.8796969,Björnsonsgatan 132
2,2718,Bromma 18 Södra Ängby,Södra Ängby Skola,"Blackebergsvägen 100, ing H",168 51,Bromma,59.344793,17.8916735,Blackebergsvägen 100
2,2719,Bromma 19 Johannesfred Ö,Förskolan Leklust,Osmundsvägen 6,168 68,Bromma,59.3469617,17.9737354,Osmundsvägen 6
2,2720,Bromma 20 Johannesfred V,Förskolan Leklust,Osmundsvägen 6,168 68,Bromma,59.3469617,17.9737354,Osmundsvägen 6
2,2721,Bromma 21 Bällsta,Daghemmet Ankarstocksvägen,Ankarstocksvägen 12-14,168 64,Bromma,59.3668595,17.9297409,Ankarstocksvägen 12-14
2,2722,Bromma 22 Beckomberga N,Norra Ängby skola,Vulteljusvägen 20,168 56,Bromma,59.3489265,17.9073192,Vulteljusvägen 20
2,2723,Bromma 23 Mariehäll S,Förskolan Klintbacken,Klintbacken 11,168 65,Bromma,59.3599428,17.9542515,Klintbacken 11
2,2724,Bromma 24 Blackeberg N,Blackebergsskolan,Björnsonsgatan 132,168 44,Bromma,59.3479619,17.8796969,Björnsonsgatan 132
2,2725,Bromma 25 Lönnebergaparken mm,Förskolan Solbergsvägen,Solbergsvägen 65,168 66,Bromma,59.3602121,17.9486683,Solbergsvägen 65
2,2726,Bromma 26 Åkeslund V,Olovslundsskolan,Gustav III:s väg 59-61,167 72,Bromma,59.332495,17.9387753,Gustav III:s väg 59-61
2,2727,Bromma 27 Eneby,Norra Ängby skola,Vultejusvägen 20,168 56,Bromma,59.3489265,17.9073192,Vultejusvägen 20
2,2728,Bromma 28 Annedalsparken,Förskolan Solbergsvägen,Solbergsvägen 65 B,168 66,Bromma,59.3602121,17.9486683,Solbergsvägen 65 B
2,2729,Bromma 29 Linaberg,Förskolan Klintbacken,Klintbacken 11,168 65,Bromma,59.3599428,17.9542515,Klintbacken 11
2,2801,Essinge 1 Lilla Essingen mellersta,Förskolan Vita Villan,Primusgatan 103,112 67,Stockholm,59.3232459,18.0069392,Primusgatan 103
2,2802,Essinge 2 Lilla Essingen N,Förskolan Vita Villan,Primusgatan 103,112 67,Stockholm,59.3232459,18.0069392,Primusgatan 103
2,2803,Essinge 3 Stora Essingen S,Essinge Församlingsgård,Essinge Kyrkväg 11,112 65,Stockholm,59.3205552,17.9911095,Essinge Kyrkväg 11
2,2804,Essinge 4 Stora Essingen N,Essinge Församlingsgård,Essinge Kyrkväg 11,112 65,Stockholm,59.3205552,17.9911095,Essinge Kyrkväg 11
2,2805,Essinge 5 Stora Essingen Ö,Essinge Församlingsgård,Essinge Kyrkväg 11,112 65,Stockholm,59.3205552,17.9911095,Essinge Kyrkväg 11
2,2806,Essinge 6 Luxområdet,Förskolan Vita Villan,Primusgatan 103,112 67,Stockholm,59.3232459,18.0069392,Primusgatan 103
2,2901,Västerled 1 Smedslätten V,Äppelviksskolan,Alviksvägen 97,167 53,Bromma,59.3238716,17.974681,Alviksvägen 97
2,2902,Västerled 2 Äppelviken,Äppelviksskolan,Alviksvägen 97,167 53,Bromma,59.3238716,17.974681,Alviksvägen 97
2,2903,Västerled 3 Stora Mossen,Abrahamsbergsskolan,Gustav III:s väg 2-10,168 30,Bromma,59.3348671,17.9501714,Gustav III:s väg 2-10
2,2904,Västerled 4 Alvik,Alviksskolan,Tranebergsvägen 79,167 45,Bromma,59.3358017,17.9761317,Tranebergsvägen 79
2,2905,Västerled 5 Johannelund,Alviksskolan,Tranebergsvägen 79,167 45,Bromma,59.3358017,17.9761317,Tranebergsvägen 79
2,2906,Västerled 6 Traneberg S,Alviksskolan,Tranebergsvägen 79,167 45,Bromma,59.3358017,17.9761317,Tranebergsvägen 79
2,2907,Västerled 7 Traneberg Ö,Alviksskolan,Tranebergsvägen 79,167 45,Bromma,59.3358017,17.9761317,Tranebergsvägen 79
2,2908,Västerled 8 Minneberg,Alviksskolan,Tranebergsvägen 79,167 45,Bromma,59.3358017,17.9761317,Tranebergsvägen 79
2,2909,Västerled 9 Ulvsunda trädgårdsstad,Alviksskolan,Tranebergsvägen 79,167 45,Bromma,59.3358017,17.9761317,Tranebergsvägen 79
2,2910,Västerled 10 Nockebyhov V,Nockebyhovsskolan,Tyska Bottens väg 68,168 40,Bromma,59.3333985,17.9061251,Tyska Bottens väg 68
2,2911,Västerled 11 Olovslund -Nockebyhov Ö,Olovslundsskolan,Gustav III:s Väg 59-61,167 72,Bromma,59.332495,17.9387753,Gustav III:s Väg 59-61
2,2912,Västerled 12 Nockeby S,Olovslundsskolan,Gustav III:s Väg 59-61,167 72,Bromma,59.332495,17.9387753,Gustav III:s Väg 59-61
2,2913,Västerled 13 Nockeby N,Olovslundsskolan,Gustav III:s Väg 59-61,167 72,Bromma,59.332495,17.9387753,Gustav III:s Väg 59-61
2,2914,Västerled 14 Höglandet,Ålstensskolan,Nyängsvägen 72-80,167 64,Bromma,59.3257779,17.9575214,Nyängsvägen 72-80
2,2915,Västerled 15 Ålsten S,Ålstensskolan,Nyängsvägen 72-80,167 64,Bromma,59.3257779,17.9575214,Nyängsvägen 72-80
2,2916,Västerled 16 Ålsten N,Ålstensskolan,Nyängsvägen 72-80,167 64,Bromma,59.3257779,17.9575214,Nyängsvägen 72-80
2,2917,Västerled 17 Vidängsvägen mm,Alviksskolan,Tranebergsvägen 79,167 45,Bromma,59.3358017,17.9761317,Tranebergsvägen 79
2,2918,Västerled 18 Ulvsunda slott,Alviksskolan,Tranebergsvägen 79,167 45,Bromma,59.3358017,17.9761317,Tranebergsvägen 79
2,2919,Västerled 19 Smedslätten Ö,Äppelviksskolan,Alviksvägen 97,167 53,Bromma,59.3238716,17.974681,Alviksvägen 97
3,3101,Vällingby 1 Vällingby N,S:t Jacobi Gymn./Alazharsk.,Kirunagatan 22-28,162 68,Vällingby,59.3651082,17.8668261,Kirunagatan 22-28
3,3102,Vällingby 2 Vällingby V,S:t Jacobi Gymn./Alazharsk.,Kirunagatan 22-28,162 68,Vällingby,59.3651082,17.8668261,Kirunagatan 22-28
3,3103,Vällingby 3 Vällingby Ö,S:t Jacobi gymn./Alazharsk,Kirunagatan 22-28,162 68,Vällingby,59.3651082,17.8668261,Kirunagatan 22-28
3,3104,Vällingby 4 Vällingby C,S:t Jacobi Gymn./Alazharsk.,Kirunagatan 22-28,162 68,Vällingby,59.3651082,17.8668261,Kirunagatan 22-28
3,3105,Vällingby 5 Grimsta V,Grimstaskolan,Kanngjutargränd 12-22,162 57,Vällingby,59.3604415,17.8652008,Kanngjutargränd 12-22
3,3106,Vällingby 6 Grimsta Ö,Grimstaskolan,Kanngjutargränd 12-22,162 57,Vällingby,59.3604415,17.8652008,Kanngjutargränd 12-22
3,3107,Vällingby 7 Råcksta Ö,Vällingbyskolan,Offerdalsgatan 1-7,162 12,Vällingby,59.3632632,17.8811483,Offerdalsgatan 1-7
3,3108,Vällingby 8 Råcksta V,Vällingbyskolan,Offerdalsgatan 1-7,162 12,Vällingby,59.3632632,17.8811483,Offerdalsgatan 1-7
3,3109,Vällingby 9 Råcksta N,Vällingbyskolan,Offerdalsgatan 1-7,162 12,Vällingby,59.3632632,17.8811483,Offerdalsgatan 1-7
3,3110,Vällingby 10 Nälsta Ö,Vinstaskolan,Vinsta Skolgränd 3,162 70,Vällingby,59.3775713,17.8743225,Vinsta Skolgränd 3
3,3111,Vällingby 11 Nälsta V,Vinstaskolan,Vinsta Skolgränd 3,162 70,Vällingby,59.3775713,17.8743225,Vinsta Skolgränd 3
3,3112,Vällingby 12 Grimsta mellersta,Grimstaskolan,Kanngjutargränd 12-22,162 57,Vällingby,59.3604415,17.8652008,Kanngjutargränd 12-22
3,3113,Vällingby 13 Kälvesta V,Björnbodaskolan,Skogsnävegränd 3,162 45,Vällingby,59.3789104,17.8509558,Skogsnävegränd 3
3,3114,Vällingby 14 Kälvesta Ö,Björnbodaskolan,Skogsnävegränd 3,162 45,Vällingby,59.3789104,17.8509558,Skogsnävegränd 3
3,3115,Vällingby 15 Vinsta V,Björnbodaskolan,Skogsnävegränd 3,162 45,Vällingby,59.3789104,17.8509558,Skogsnävegränd 3
3,3116,Vällingby 16 Vinsta Ö,Björnbodaskolan,Skogsnävegränd 3,162 45,Vällingby,59.3789104,17.8509558,Skogsnävegränd 3
3,3117,Vällingby 17 Råcksta gård,Vällingbyskolan,Offerdalsgatan 1-7,162 12,Vällingby,59.3632632,17.8811483,Offerdalsgatan 1-7
3,3118,Vällingby 18 Nälsta gård,Vinstaskolan,Vinsta Skolgränd 3,162 70,Vällingby,59.3775713,17.8743225,Vinsta Skolgränd 3
3,3119,Vällingby 19 Vällingby mellersta,S:t Jakobi gymn/Alazharsk,Kirunagatan 22-28,162 68,Vällingby,59.3651082,17.8668261,Kirunagatan 22-28
3,3401,Enskede 1 Årsta gård,Årstaskolan,Hjälmarsvägen 16,120 53,Årsta,59.2994186,18.0540198,Hjälmarsvägen 16
3,3402,Enskede 2 Årstaliden,Årstaskolan,Hjälmarsvägen 16,120 53,Årsta,59.2994186,18.0540198,Hjälmarsvägen 16
3,3403,Enskede 3 Storsjövägen mm,Årstaskolan,Hjälmarsvägen 16,120 53,Årsta,59.2994186,18.0540198,Hjälmarsvägen 16
3,3404,Enskede 4 Årsta kyrka,Årstaskolan,Hjälmarsvägen 16,120 53,Årsta,59.2994186,18.0540198,Hjälmarsvägen 16
3,3405,Enskede 5 Årstafältet,Årstaskolan,Hjälmarsvägen 16,120 53,Årsta,59.2994186,18.0540198,Hjälmarsvägen 16
3,3406,Enskede 6 Valla torg,Årstaskolan,Hjälmarsvägen 16,120 53,Årsta,59.2994186,18.0540198,Hjälmarsvägen 16
3,3407,Enskede 7 Långhalsvägen mm,Årstaskolan,Hjälmarsvägen 16,120 53,Årsta,59.2994186,18.0540198,Hjälmarsvägen 16
3,3408,Enskede 8 Årstaskogen,Årstaskolan,Hjälmarsvägen 16,120 53,Årsta,59.2994186,18.0540198,Hjälmarsvägen 16
3,3409,Enskede 9 Skanskvarn,Gullmarsplans-/Värmdö gymn.,Simlångsvägen 26,120 39,Johanneshov,59.2994837,18.0768312,Simlångsvägen 26
3,3410,Enskede 10 Bolmensvägen mm,Gullmarsplans-/Värmdö gymn.,Simlångsvägen 26,120 39,Johanneshov,59.2994837,18.0768312,Simlångsvägen 26
3,3411,Enskede 11 Gullmarsplan,Gullmarsplans-/Värmdö gymn.,Simlångsvägen 26,120 39,Johanneshov,59.2994837,18.0768312,Simlångsvägen 26
3,3412,Enskede 12 Skärmarbrink,Gullmarsplans-/Värmdö gymn.,Simlångsvägen 26,120 39,Johanneshov,59.2994837,18.0768312,Simlångsvägen 26
3,3413,Enskede 13 Blåsut,Gullmarsplans-/Värmdö gymn.,Simlångsvägen 26,120 39,Johanneshov,59.2994837,18.0768312,Simlångsvägen 26
3,3414,Enskede 14 Globen,Gullmarsplans-/Värmdö gymn.,Simlångsvägen 26,120 39,Johanneshov,59.2994837,18.0768312,Simlångsvägen 26
3,3415,Enskede 15 Enskede Gård N,Enskedefältets Skola,Sockenvägen 370,122 63,Enskede,59.2828119,18.0690641,Sockenvägen 370
3,3416,Enskede 16 Enskede Gård S,Enskedefältets Skola,Sockenvägen 370,122 63,Enskede,59.2828119,18.0690641,Sockenvägen 370
3,3417,Enskede 17 Enskedefältet,Enskedefältets Skola,Sockenvägen 370,122 63,Enskede,59.2828119,18.0690641,Sockenvägen 370
3,3418,Enskede 18 Gamla Enskede S,Enskede Skola,Stockholmsvägen 30,122 62,Enskede,59.283006,18.085121,Stockholmsvägen 30
3,3419,Enskede 19 Gamla Enskede N,Enskede Skola,Stockholmsvägen 30,122 62,Enskede,59.283006,18.085121,Stockholmsvägen 30
3,3420,Enskede 20 Skogskyrkogården,Enskede Skola,Stockholmsvägen 30,122 62,Enskede,59.283006,18.085121,Stockholmsvägen 30
3,3421,Enskede 21 Dalen N,Dalens kvartersgård,Dalgränd 13,121 30,Enskededalen,59.2890027,18.0958199,Dalgränd 13
3,3422,Enskede 22 Dalen S,Enskededalens servicehus,Bersågränd 11,121 31,Enskededalen,59.2857041,18.0953879,Bersågränd 11
3,3423,Enskede 23 Enskede IP,Enskede skola,Stockholmsvägen 30,122 62,Enskede,59.283006,18.085121,Stockholmsvägen 30
3,3424,Enskede 24 Dalen V,Enskededalens servicehus,Bersågränd 11,121 31,Enskededalen,59.2857041,18.0953879,Bersågränd 11
3,3601,Skarpnäck 1 Bagarmossen S,Bagarmossens Folkets Hus,Lillåvägen 44,128 45,Bagarmossen,59.2768688,18.1327953,Lillåvägen 44
3,3602,Skarpnäck 2 Brotorp,Bagarmossens Folkets Hus,Lillåvägen 44,128 45,Bagarmossen,59.2768688,18.1327953,Lillåvägen 44
3,3603,Skarpnäck 3 Ljusnevägen mm,Bagarmossens Folkets Hus,Lillåvägen 44,128 45,Bagarmossen,59.2768688,18.1327953,Lillåvägen 44
3,3604,Skarpnäck 4 Bergsrådsvägen mm,Bagarmossens Folkets Hus,Lillåvägen 44,128 45,Bagarmossen,59.2768688,18.1327953,Lillåvägen 44
3,3605,Skarpnäck 5 Bagarmossen N,Bagarmossens Folkets Hus,Lillåvägen 44,128 45,Bagarmossen,59.2768688,18.1327953,Lillåvägen 44
3,3606,Skarpnäck 6 Bagarmossen C,Bagarmossens Folkets Hus,Lillåvägen 44,128 45,Bagarmossen,59.2768688,18.1327953,Lillåvägen 44
3,3607,Skarpnäck 7 Skarpnäcks trädgårdsstad,Skarpnäcks Skola,Kärrtorpsvägen 95,121 55,Johanneshov,59.2820833,18.1133401,Kärrtorpsvägen 95
3,3608,Skarpnäck 8 Enskededalen Ö,Skarpnäcks Skola,Kärrtorpsvägen 95,121 55,Johanneshov,59.2820833,18.1133401,Kärrtorpsvägen 95
3,3609,Skarpnäck 9 Kärrtorp S,Skarpnäcks Skola,Kärrtorpsvägen 95,121 55,Johanneshov,59.2820833,18.1133401,Kärrtorpsvägen 95
3,3610,Skarpnäck 10 Kärrtorp N,Kärrtorps gymnasium,Karlsövägen 9,121 55,Johanneshov,59.2864725,18.1134247,Karlsövägen 9
3,3611,Skarpnäck 11 Björkhagen Ö,Björkhagens Skola,Karlskronavägen 10,121 52,Johanneshov,59.2941212,18.1174168,Karlskronavägen 10
3,3612,Skarpnäck 12 Björkhagen V,Björkhagens Skola,Karlskronavägen 10,121 52,Johanneshov,59.2941212,18.1174168,Karlskronavägen 10
3,3613,Skarpnäck 13 Björkhagen N,Björkhagens Skola,Karlskronavägen 10,121 52,Johanneshov,59.2941212,18.1174168,Karlskronavägen 10
3,3614,Skarpnäck 14 Hammarbyhöjden S,Hammarbyskolan,Finn Malmgrens väg 5-7,121 36,Johanneshov,59.2957893,18.1004453,Finn Malmgrens väg 5-7
3,3615,Skarpnäck 15 Hammarbyhöjden C,Hammarbyskolan,Finn Malmgrens väg 5-7,121 36,Johanneshov,59.2957893,18.1004453,Finn Malmgrens väg 5-7
3,3616,Skarpnäck 16 Hammarbyhöjden Ö,Hammarbyskolan,Finn Malmgrens väg 5-7,121 36,Johanneshov,59.2957893,18.1004453,Finn Malmgrens väg 5-7
3,3617,Skarpnäck 17 Hammarbyhöjden V,Hammarbyskolan,Finn Malmgrens väg 5-7,121 36,Johanneshov,59.2957893,18.1004453,Finn Malmgrens väg 5-7
3,3618,Skarpnäck 18 Skarpa by mm,Skarpabyskolan,Uppvindsgatan 1,128 33,Skarpnäck,59.2678608,18.134009,Uppvindsgatan 1
3,3619,Skarpnäck 19 Skarpnäck Ö-Orhem,Skarpabyskolan,Uppvindsgatan 1,128 33,Skarpnäck,59.2678608,18.134009,Uppvindsgatan 1
3,3620,Skarpnäck 20 Horisontvägen norra mm,Skarpabyskolan,Uppvindsgatan 1,128 33,Skarpnäck,59.2678608,18.134009,Uppvindsgatan 1
3,3621,Skarpnäck 21 Pungpinan mm,Skarpabyskolan,Uppvindsgatan 1,128 33,Skarpnäck,59.2678608,18.134009,Uppvindsgatan 1
3,3622,Skarpnäck 22 Hammarbyhöjden N,Hammarbyskolan,Finn Malmgrens väg 5-7,121 36,Johanneshov,59.2957893,18.1004453,Finn Malmgrens väg 5-7
3,3623,Skarpnäck 23 Skarpnäck C,Skarpabyskolan,Uppvindsgatan 1,128 33,Skarpnäck,59.2678608,18.134009,Uppvindsgatan 1
3,3624,Skarpnäck 24 Bagarmossen V,Bagarmossens Folkets Hus,Lillåvägen 44,128 45,Bagarmossen,59.2768688,18.1327953,Lillåvägen 44
3,3625,Skarpnäck 25 Enskededalen V,Skarpnäcks skola,Kärrtorpsvägen 95,121 55,Johanneshov,59.2820833,18.1133401,Kärrtorpsvägen 95
3,3626,Skarpnäck 26 Kärrtorp C,Kärrtorps gymnasium,Karlsövägen 9,121 55,Johanneshov,59.2864725,18.1134247,Karlsövägen 9
3,3627,Skarpnäck 27 Björkhagen mellersta,Björkhagens skola,Karlskronavägen 10,121 52,Johanneshov,59.2941212,18.1174168,Karlskronavägen 10
3,3801,Hässelby 1 Hässelby Strand V,Maltesholmsskolan,Persikogatan 44-46,165 63,Hässelby,59.363003,17.8314472,Persikogatan 44-46
3,3802,Hässelby 2 Hässelby Strand S,Maltesholmsskolan,Persikogatan 44-46,165 63,Hässelby,59.363003,17.8314472,Persikogatan 44-46
3,3803,Hässelby 3 Hässelby Strand N,Maltesholmsskolan,Persikogatan 44-46,165 63,Hässelby,59.363003,17.8314472,Persikogatan 44-46
3,3804,Hässelby 4 Hässelby Strand Ö,Maltesholmsskolan,Persikogatan 44-46,165 63,Hässelby,59.363003,17.8314472,Persikogatan 44-46
3,3805,Hässelby 5 Hässelby Gård S,Hässelbygårdsskolan,Loviselundsvägen 10-16,165 59,Hässelby,59.3688014,17.8406398,Loviselundsvägen 10-16
3,3806,Hässelby 6 Hässelby Gård Ö,Hässelbygårdsskolan,Loviselundsvägen 10-16,165 59,Hässelby,59.3688014,17.8406398,Loviselundsvägen 10-16
3,3807,Hässelby 7 Hässelby Gård N,Hässelbygårdsskolan,Loviselundsvägen 10-16,165 59,Hässelby,59.3688014,17.8406398,Loviselundsvägen 10-16
3,3808,Hässelby 8 Hässelby Gård C,Hässelbygårdsskolan,Loviselundsvägen 10-16,165 59,Hässelby,59.3688014,17.8406398,Loviselundsvägen 10-16
3,3809,Hässelby 9 Hässelby Gård V,Smedshagsskolan,Smedshagsvägen 3,165 73,Hässelby,59.3784493,17.824714,Smedshagsvägen 3
3,3810,Hässelby 10 Hby Villastad mellersta,Hässelby Villastads Skola,Riddersviksvägen 132,165 72,Hässelby,59.3787404,17.8110375,Riddersviksvägen 132
3,3811,Hässelby 11 Hässelby Villastad V,Hässelby Villastads Skola,Riddersviksvägen 132,165 72,Hässelby,59.3787404,17.8110375,Riddersviksvägen 132
3,3812,Hässelby 12 Hässelby Villastad Ö,Hässelby Villastads Skola,Riddersviksvägen 132,165 72,Hässelby,59.3787404,17.8110375,Riddersviksvägen 132
3,3813,Hässelby 13 Hässelby Villastad NV,Backluraskolan,Brunklövergränd 12,165 77,Hässelby,59.3918577,17.816648,Brunklövergränd 12
3,3814,Hässelby 14 Lövsta,Backluraskolan,Brunklövergränd 12,165 77,Hässelby,59.3918577,17.816648,Brunklövergränd 12
3,3815,Hässelby 15 Backlura N,Backluraskolan,Brunklövergränd 12,165 77,Hässelby,59.3918577,17.816648,Brunklövergränd 12
3,3816,Hässelby 16 Backlura S,Backluraskolan,Brunklövergränd 12,165 77,Hässelby,59.3918577,17.816648,Brunklövergränd 12
3,3817,Hässelby 17 Hässelby Villastad NÖ,Smedshagsskolan,Smedshagsvägen 3,165 73,Hässelby,59.3784493,17.824714,Smedshagsvägen 3
3,3818,Hässelby 18 Smedshagen,Smedshagsskolan,Smedshagsvägen 3,165 73,Hässelby,59.3784493,17.824714,Smedshagsvägen 3
3,3819,Hässelby 19 Hässelby Villastad S,Hässelby villastads skola,Riddersviksvägen 132,165 72,Hässelby,59.3787404,17.8110375,Riddersviksvägen 132
3,3820,Hässelby 20 Hässelby mellersta,Hässelbygårdsskolan,Loviselundsvägen 10-16,165 59,Hässelby,59.3688014,17.8406398,Loviselundsvägen 10-16
3,3901,Hägersten 1 Nybohov V,Nybohovsskolan,Nybohovsbacken 57-59,117 64,Stockholm,59.3075191,18.0159341,Nybohovsbacken 57-59
3,3902,Hägersten 2 Nybohov Ö,Nybohovsskolan,Nybohovsbacken 57-59,117 64,Stockholm,59.3075191,18.0159341,Nybohovsbacken 57-59
3,3903,Hägersten 3 Stora Fågelsången,Blommensbergsskolan,Blommensbergsvägen 116,117 65,Stockholm,59.3112796,18.0083681,Blommensbergsvägen 116
3,3904,Hägersten 4 Gröndal C,Blommensbergsskolan,Blommensbergsvägen 116,117 65,Stockholm,59.3112796,18.0083681,Blommensbergsvägen 116
3,3905,Hägersten 5 Gröndal V,Ekensbergsskolan,Gröndalsvägen 151-155,117 69,Stockholm,59.3139607,17.987982,Gröndalsvägen 151-155
3,3906,Hägersten 6 Ekensberg,Ekensbergsskolan,Gröndalsvägen 151-155,117 69,Stockholm,59.3139607,17.987982,Gröndalsvägen 151-155
3,3907,Hägersten 7 Gröndal N,Blommensbergsskolan,Blommensbergsvägen 116,117 65,Stockholm,59.3112796,18.0083681,Blommensbergsvägen 116
3,3908,Hägersten 8 Aspudden Ö,Aspuddens Skola,Blommensbergsvägen 166,126 51,Hägersten,59.3092552,17.9982338,Blommensbergsvägen 166
3,3909,Hägersten 9 Aspudden C,Aspuddens Skola,Blommensbergsvägen 166,126 51,Hägersten,59.3092552,17.9982338,Blommensbergsvägen 166
3,3910,Hägersten 10 Örnsberg,Aspuddens Skola,Blommensbergsvägen 166,126 51,Hägersten,59.3092552,17.9982338,Blommensbergsvägen 166
3,3911,Hägersten 11 Vinterviken,Aspuddens Skola,Blommensbergsvägen 166,126 51,Hägersten,59.3092552,17.9982338,Blommensbergsvägen 166
3,3912,Hägersten 12 Midsommarkransen N,Västbergaskolan,Klensmedsvägen 2,126 37,Hägersten,59.2959956,18.0002575,Klensmedsvägen 2
3,3913,Hägersten 13 Telefonplan,Västbergaskolan,Klensmedsvägen 2,126 37,Hägersten,59.2959956,18.0002575,Klensmedsvägen 2
3,3914,Hägersten 14 Midsommarkransen S,Midsommarkransens gymnasium,Tellusborgsvägen 10,126 32,Hägersten,59.3037139,18.0149645,Tellusborgsvägen 10
3,3915,Hägersten 15 Svandammen,Midsommarkransens gymnasium,Tellusborgsvägen 10,126 32,Hägersten,59.3037139,18.0149645,Tellusborgsvägen 10
3,3916,Hägersten 16 Midsommarkransen C,Midsommarkransens gymnasium,Tellusborgsvägen 10,126 32,Hägersten,59.3037139,18.0149645,Tellusborgsvägen 10
3,3917,Hägersten 17 Korpmossen,Västbergaskolan,Klensmedsvägen 2,126 37,Hägersten,59.2959956,18.0002575,Klensmedsvägen 2
3,3918,Hägersten 18 Västberga V,Västbergaskolan,Klensmedsvägen 2,126 37,Hägersten,59.2959956,18.0002575,Klensmedsvägen 2
3,3919,Hägersten 19 Hägerstensåsen S,Hägerstensåsens skola,Sedelvägen 30,129 32,Hägersten,59.29624,17.9818364,Sedelvägen 30
3,3920,Hägersten 20 Hägerstensåsen Ö,Hägerstensåsens skola,Sedelvägen 30,129 32,Hägersten,59.29624,17.9818364,Sedelvägen 30
3,3921,Hägersten 21 Hägerstensåsen V,Hägerstensåsens skola,Sedelvägen 30,129 32,Hägersten,59.29624,17.9818364,Sedelvägen 30
3,3922,Hägersten 22 Hägerstensåsen N,Hägerstensåsens skola,Sedelvägen 30,129 32,Hägersten,59.29624,17.9818364,Sedelvägen 30
3,3923,Hägersten 23 Hägerstenshamnen,Hägerstenshamnens skola,Selmedalsringen 5,129 36,Hägersten,59.3074103,17.9783817,Selmedalsringen 5
3,3924,Hägersten 24 Axelsberg,Hägerstenshamnens skola,Selmedalsringen 5,129 36,Hägersten,59.3074103,17.9783817,Selmedalsringen 5
3,3925,Hägersten 25 Mälarhöjden Ö,Hägerstenshamnens skola,Selmedalsringen 5,129 36,Hägersten,59.3074103,17.9783817,Selmedalsringen 5
3,3926,Hägersten 26 Mälarhöjden mellersta,Mälarhöjdens skola,Lugntorpsvägen 2,129 44,Hägersten,59.297118,17.9572531,Lugntorpsvägen 2
3,3927,Hägersten 27 Mälarhöjden N,Mälarhöjdens skola,Lugntorpsvägen 2,129 44,Hägersten,59.297118,17.9572531,Lugntorpsvägen 2
3,3928,Hägersten 28 Mälarhöjden S,Mälarhöjdens skola,Lugntorpsvägen 2,129 44,Hägersten,59.297118,17.9572531,Lugntorpsvägen 2
3,3929,Hägersten 29 Nybodahöjden-Årstaberg,Årstadalsskolan,Sjöviksbacken 19,117 43,Stockholm,59.3049792,18.0314636,Sjöviksbacken 19
3,3930,Hägersten 30 Trekanten,Blommensbergsskolan,Blommensbergsvägen 116,117 65,Stockholm,59.3112796,18.0083681,Blommensbergsvägen 116
3,3931,Hägersten 31 Årstaäng,Årstadalsskolan,Sjöviksbacken 19,117 43,Stockholm,59.3049792,18.0314636,Sjöviksbacken 19
3,3932,Hägersten 32 Sjövikskajen,Årstadalsskolan,Sjöviksbacken 19,117 43,Stockholm,59.3049792,18.0314636,Sjöviksbacken 19
3,3933,Hägersten 33 Aspudden N,Aspuddens skola,Blommensbergsvägen 166,126 51,Hägersten,59.3092552,17.9982338,Blommensbergsvägen 166
3,3934,Hägersten 34 Klubbacken mm,Mälarhöjdens skola,Lugntorpsvägen 2,129 44,Hägersten,59.297118,17.9572531,Lugntorpsvägen 2
3,3935,Hägersten 35 Midsommarkransen Ö,Midsommarkransens gymnasium,Tellusborgsvägen 10,126 32,Hägersten,59.3037139,18.0149645,Tellusborgsvägen 10
3,3936,Hägersten 36 Västberga Ö,Västbergaskolan,Klensmedsvägen 2,126 37,Hägersten,59.2959956,18.0002575,Klensmedsvägen 2
3,3937,Hägersten 37 Årstadal S,Årstadalsskolan,Sjöviksbacken 19,117 43,Stockholm,59.3049792,18.0314636,Sjöviksbacken 19
3,3938,Hägersten 38 Gösta Ekmans väg mm,Hägerstenshamnens skola,Selmedalsringen 5,129 36,Hägersten,59.3074103,17.9783817,Selmedalsringen 5
3,3939,Hägersten 39 Liljeholmstorget,Nybohovsskolan,Nybohovsbacken 57-59,117 64,Stockholm,59.3075191,18.0159341,Nybohovsbacken 57-59
3,3940,Hägersten 40 Hökmossen,Västbergaskolan,Klensmedsvägen 2,126 37,Hägersten,59.2959956,18.0002575,Klensmedsvägen 2
3,3941,Hägersten 41 Aspudden mellersta,Aspuddens skola,Blommensbergsvägen 166,126 51,Hägersten,59.3092552,17.9982338,Blommensbergsvägen 166
4,4001,Skärholmen 1 Bredäng NÖ,Bredängsskolan,Concordiavägen 15,127 32,Skärholmen,59.2942748,17.9365122,Concordiavägen 15
4,4002,Skärholmen 2 Bredäng NV,Bredängsskolan,Concordiavägen 15,127 32,Skärholmen,59.2942748,17.9365122,Concordiavägen 15
4,4003,Skärholmen 3 Bredäng V,Bredängsskolan,Concordiavägen 15,127 32,Skärholmen,59.2942748,17.9365122,Concordiavägen 15
4,4004,Skärholmen 4 Bredäng Ö,Bredängsskolan,Concordiavägen 15,127 32,Skärholmen,59.2942748,17.9365122,Concordiavägen 15
4,4005,Skärholmen 5 Bredäng S,Bredängsskolan,Concordiavägen 15,127 32,Skärholmen,59.2942748,17.9365122,Concordiavägen 15
4,4006,Skärholmen 6 Sätra N,Sätraskolan,Bogsätravägen 46,127 38,Skärholmen,59.2848007,17.9176983,Bogsätravägen 46
4,4007,Skärholmen 7 Sätra mellersta,Sätraskolan,Bogsätravägen 46,127 38,Skärholmen,59.2848007,17.9176983,Bogsätravägen 46
4,4008,Skärholmen 8 Sätra S,Sätraskolan,Bogsätravägen 46,127 38,Skärholmen,59.2848007,17.9176983,Bogsätravägen 46
4,4009,Skärholmen 9 Vårberg mellersta,Söderholmsskolan,Våruddsringen 202,127 41,Skärholmen,59.2770225,17.8773436,Våruddsringen 202
4,4010,Skärholmen 10 Portholmsgången mm,Skärholmens Gymnasium,Bredholmstorget 4,127 48,Skärholmen,59.2751943,17.9046599,Bredholmstorget 4
4,4011,Skärholmen 11 Ekholmshöjden,Skärholmens Gymnasium,Bredholmstorget 4,127 48,Skärholmen,59.2751943,17.9046599,Bredholmstorget 4
4,4012,Skärholmen 12 Skärholmen S,Skärholmens Gymnasium,Bredholmstorget 4,127 48,Skärholmen,59.2751943,17.9046599,Bredholmstorget 4
4,4013,Skärholmen 13 Skärholmens gård,Skärholmens Gymnasium,Bredholmstorget 4,127 48,Skärholmen,59.2751943,17.9046599,Bredholmstorget 4
4,4014,Skärholmen 14 Stångholmsbacken mm,Förskolan Lilla Världen,Rönnholmsgränd 42,127 43,Skärholmen,59.2764036,17.8831179,Rönnholmsgränd 42
4,4015,Skärholmen 15 Vårberg S,Förskolan Lilla Världen,Rönnholmsgränd 42,127 43,Skärholmen,59.2764036,17.8831179,Rönnholmsgränd 42
4,4016,Skärholmen 16 Storholmsbackarna mm,Förskolan Lilla Världen,Rönnholmsgränd 42,127 43,Skärholmen,59.2764036,17.8831179,Rönnholmsgränd 42
4,4017,Skärholmen 17 Vårberg V,Söderholmsskolan,Våruddsringen 202,127 41,Skärholmen,59.2770225,17.8773436,Våruddsringen 202
4,4018,Skärholmen 18 Sätra gård,Sätraskolan,Bogsätravägen 46,127 38,Skärholmen,59.2848007,17.9176983,Bogsätravägen 46
4,4019,Skärholmen 19 Skärholmsterassen,Skärholmens gymnasium,Bredholmstorget 4,127 48,Skärholmen,59.2751943,17.9046599,Bredholmstorget 4
4,4101,Spånga 1 Sundby,Sundbyskolan,Sundbyvägen 88-98,163 44,Spånga,59.3699382,17.9184145,Sundbyvägen 88-98
4,4102,Spånga 2 Flysta,Sundbyskolan,Sundbyvägen 88-98,163 44,Spånga,59.3699382,17.9184145,Sundbyvägen 88-98
4,4103,Spånga 3 Solhem Ö,Spånga Gymnasium,Solhemsvägen 48-58,163 54,Spånga,59.3786377,17.8938301,Solhemsvägen 48-58
4,4104,Spånga 4 Solhem S,Spånga Gymnasium,Solhemsvägen 48-58,163 54,Spånga,59.3786377,17.8938301,Solhemsvägen 48-58
4,4105,Spånga 5 Solhem V,Spånga Gymnasium,Solhemsvägen 48-58,163 54,Spånga,59.3786377,17.8938301,Solhemsvägen 48-58
4,4106,Spånga 6 Solhem N,Spånga Gymnasium,Solhemsvägen 48-58,163 54,Spånga,59.3786377,17.8938301,Solhemsvägen 48-58
4,4107,Spånga 7 Bromsten N,Fristads Servicehus,Cervins Väg 15,163 58,Spånga,59.3789059,17.9186266,Cervins Väg 15
4,4108,Spånga 8 Bromsten mellersta,Fristads Servicehus,Cervins Väg 15,163 58,Spånga,59.3789059,17.9186266,Cervins Väg 15
4,4109,Spånga 9 Bromsten S,Fristads Servicehus,Cervins Väg 15,163 58,Spånga,59.3789059,17.9186266,Cervins Väg 15
4,4110,Spånga 10 Hjulsta V,Hjulstaskolan,Hjulsta Backar 6,163 65,Spånga,59.3966492,17.8890906,Hjulsta Backar 6
4,4111,Spånga 11 Erikslund,Hjulstaskolan,Hjulsta Backar 6,163 65,Spånga,59.3966492,17.8890906,Hjulsta Backar 6
4,4112,Spånga 12 Nydal,Enbacksskolan,Uppingegränd 27-33,163 61,Spånga,59.3904109,17.905576,Uppingegränd 27-33
4,4113,Spånga 13 Tensta C,Enbacksskolan,Uppingegränd 27-33,163 61,Spånga,59.3904109,17.905576,Uppingegränd 27-33
4,4114,Spånga 14 Gullinge,Enbacksskolan,Uppingegränd 27-33,163 61,Spånga,59.3904109,17.905576,Uppingegränd 27-33
4,4115,Spånga 15 Risingeplan mm,Enbacksskolan,Uppingegränd 27-33,163 61,Spånga,59.3904109,17.905576,Uppingegränd 27-33
4,4116,Spånga 16 Glömminge-Sörgården,Enbacksskolan,Uppingegränd 27-33,163 61,Spånga,59.3904109,17.905576,Uppingegränd 27-33
4,4117,Spånga 17 Rinkebysvängen N,Rinkebyskolan,Rinkebystråket 53,163 05,Spånga,59.3891546,17.9249817,Rinkebystråket 53
4,4118,Spånga 18 Rinkebystråket,Rinkebyskolan,Rinkebystråket 53,163 05,Spånga,59.3891546,17.9249817,Rinkebystråket 53
4,4119,Spånga 19 Rinkebysvängen V,Rinkebyskolan,Rinkebystråket 53,163 05,Spånga,59.3891546,17.9249817,Rinkebystråket 53
4,4120,Spånga 20 Kvarnbyvägen mm,Rinkebyskolan,Rinkebystråket 53,163 05,Spånga,59.3891546,17.9249817,Rinkebystråket 53
4,4121,Spånga 21 Rinkeby C,Rinkebyskolan,Rinkebystråket 53,163 05,Spånga,59.3891546,17.9249817,Rinkebystråket 53
4,4122,Spånga 22 Rinkebysvängen Ö,Rinkebyskolan,Rinkebystråket 53,163 05,Spånga,59.3891546,17.9249817,Rinkebystråket 53
4,4123,Spånga 23 Rinkebysvängen S,Rinkebyskolan,Rinkebystråket 53,163 05,Spånga,59.3891546,17.9249817,Rinkebystråket 53
4,4124,Spånga 24 Spånga by,Enbacksskolan,Uppingegränd 27-33,163 61,Spånga,59.3904109,17.905576,Uppingegränd 27-33
4,4125,Spånga 25 Hjulstastråket södra,Hjulstaskolan,Hjulsta backar 6,163 65,Spånga,59.3966492,17.8890906,Hjulsta backar 6
4,4126,Spånga 26 Spånga torg-Lunda,Spånga gymnasium,Solhemsvägen 48-58,163 44,Spånga,59.3786377,17.8938301,Solhemsvägen 48-58
4,4127,Spånga 27 Rinkeby mellersta,Rinkebyskolan,Rinkebystråket 53,163 05,Spånga,59.3891546,17.9249817,Rinkebystråket 53
4,4201,Kista 1 Akalla C,Akalla grundskola,Mariehamnsgatan 3-5,164 71,Kista,59.4158764,17.9103999,Mariehamnsgatan 3-5
4,4202,Kista 2 Akalla Ö,Akalla grundskola,Mariehamnsgatan 3-5,164 71,Kista,59.4158764,17.9103999,Mariehamnsgatan 3-5
4,4203,Kista 3 Akalla N,Akalla grundskola,Mariehamnsgatan 3-5,164 71,Kista,59.4158764,17.9103999,Mariehamnsgatan 3-5
4,4204,Kista 4 Akalla V,Akalla grundskola,Mariehamnsgatan 3-5,164 71,Kista,59.4158764,17.9103999,Mariehamnsgatan 3-5
4,4205,Kista 5 Akalla S,Akalla grundskola,Mariehamnsgatan 3-5,164 71,Kista,59.4158764,17.9103999,Mariehamnsgatan 3-5
4,4206,Kista 6 Husby N,Husbygårdsskolan 4-9,Edvard Griegsgången 26,164 07,Kista,59.4107947,17.924397,Edvard Griegsgången 26
4,4207,Kista 7 Oslogatan,Husbygårdsskolan 4-9,Edvard Griegsgången 26,164 07,Kista,59.4107947,17.924397,Edvard Griegsgången 26
4,4208,Kista 8 Husby C,Husbygårdsskolan 4-9,Edvard Griegsgången 26,164 07,Kista,59.4107947,17.924397,Edvard Griegsgången 26
4,4209,Kista 9 Husby S,Husbygårdsskolan 4-9,Edvard Griegsgången 26,164 07,Kista,59.4107947,17.924397,Edvard Griegsgången 26
4,4210,Kista 10 Husby Ö,Husbygårdsskolan 4-9,Edvard Griegsgången 26,164 07,Kista,59.4107947,17.924397,Edvard Griegsgången 26
4,4211,Kista 11 Husby V,Husbygårdsskolan 4-9,Edvard Griegsgången 26,164 07,Kista,59.4107947,17.924397,Edvard Griegsgången 26
4,4212,Kista 12 Kista mellersta,Ärvingeskolan,Köpenhamnsgatan 11,164 25,Kista,59.4021463,17.9407718,Köpenhamnsgatan 11
4,4213,Kista 13 Kista C,Ärvingeskolan,Köpenhamnsgatan 11,164 25,Kista,59.4021463,17.9407718,Köpenhamnsgatan 11
4,4214,Kista 14 Kista V,Ärvingeskolan,Köpenhamnsgatan 11,164 25,Kista,59.4021463,17.9407718,Köpenhamnsgatan 11
4,4215,Kista 15 Ärvinge S,Ärvingeskolan,Köpenhamnsgatan 11,164 25,Kista,59.4021463,17.9407718,Köpenhamnsgatan 11
4,4216,Kista 16 Kista Gård,Ärvingeskolan,Köpenhamnsgatan 11,164 25,Kista,59.4021463,17.9407718,Köpenhamnsgatan 11
4,4217,Kista 17 Ärvinge N,Ärvingeskolan,Köpenhamnsgatan 11,164 25,Kista,59.4021463,17.9407718,Köpenhamnsgatan 11
